"request","draft","final","channel"
"<user_message>
- Need to post about Jon + my role swap at MLH last Oct  
- Why we did it (burnout, stale roles)  
- My move into customer side → AI challenges for dev engagement  
- Include growth stat (few hundred → 1 in 3 CS grads/year)  
- Reflect on results after 9 months — feels like day zero again  
- Thanks to Jon, team, community.  
- Encourage other founders  
- Attached link is a news article about our ""Freaky Friday"" swap with more details
</user_message>

<additional_context>
- [knowledge_graph]: Major League Hacking (MLH) is an organization that supports and empowers the next generation of developers through hackathons, community programs, and engagement with technology companies.  

- [knowledge_graph]: Jonathan Gottfried is co-founder of MLH, previously led corporate partnerships prior to swap.  

- [knowledge_graph]: Mike Swift co-founded MLH and served as CEO with leadership in engineering, community, and product.

- [knowledge_graph]: MLH community has grown from a few hundred developers to reaching roughly 1 in 3 Computer Science graduates annually.  
</additional_context>

<attachments>
- https://www.linkedin.com/posts/annabelburba_ever-wish-you-could-switch-jobs-with-someone-activity-7357031603941900289-1CMi
</attachments>
","It's been about 9 months since Jon Gottfried and I did something that felt both crazy and necessary: we swapped jobs.

After more than a decade of building MLH from a few hundred developers into a community that reaches nearly one in three new CS grads in the US annually, we were facing classic founder burnout. The roles we had held for years started to feel stale, and our energy was waning. We needed a change.

So last October, we ran an experiment. I moved away from day-to-day CEO duties and embedded myself with our customers, focusing entirely on a new challenge: helping them leverage AI to create meaningful developer engagement. Jon stepped in to lead the areas I had been managing.

The result? It's been a total game-changer for both of us and for MLH. The new perspective has been invigorating, and honestly, it feels like day zero all over again.

I'm incredibly grateful to Jon for taking this leap with me, and to our amazing team and community for their trust and support through this transition.

For any other founders out there feeling stuck in a role you've had for a decade, maybe it's time to consider your own ""Freaky Friday."" It might be the best decision you ever make.

Our friend Annabel wrote a great piece with more details on our swap. You can read it here: https://www.linkedin.com/posts/annabelburba_ever-wish-you-could-switch-jobs-with-someone-activity-7357031603941900289-1CMi
","Last October my co-founder Jonathan Gottfried and I pulled a ""Freaky Friday"" and swapped roles at Major League Hacking (MLH). After 10 years of leading engineering, community, and product myself and Jon leading corporate partnerships, our roles were feeling stale, we were bordering on burnout, and we knew we needed a change.

I've never had the chance to work closely with our customers, but the challenges they were facing in the age of AI with reaching software developers excited me more than anything. I knew I could bring my decade of experience at MLH growing our community from a few hundred developers to 1 in 3 Computer Science graduates each year and make an even bigger impact on the people we serve. Now, nine months later, it feels like day zero at MLH again and there's more opportunities ahead of us than ever before!

It was a bold experiment that has clearly paid off big but it wasn't obvious that it would. I'm eternally grateful for the trust that Jon, my team, and our community had in me to make this bet. 🙏 I hope that other founders can learn from our experience and maybe even follow in our footsteps too.Last October my co-founder 💻 Jonathan Gottfried and I pulled a ""Freaky Friday"" and swapped roles at Major League Hacking (MLH). After 10 years of leading engineering, community, and product myself and Jon leading corporate partnerships, our roles were feeling stale, we were bordering on burnout, and we knew we needed a change.

I've never had the chance to work closely with our customers, but the challenges they were facing in the age of AI with reaching software developers excited me more than anything. I knew I could bring my decade of experience at MLH growing our community from a few hundred developers to 1 in 3 Computer Science graduates each year and make an even bigger impact on the people we serve. Now, nine months later, it feels like day zero at MLH again and there's more opportunities ahead of us than ever before!

It was a bold experiment that has clearly paid off big but it wasn't obvious that it would. I'm eternally grateful for the trust that Jon, my team, and our community had in me to make this bet. 🙏 I hope that other founders can learn from our experience and maybe even follow in our footsteps too. 

https://www.inc.com/annabel-burba/these-co-founders-switched-jobs-freaky-friday-style-and-landed-their-biggest-sale/91219404

#founders #startups #mlh #hackathons","linkedin"
"<user_message>
Draft a LinkedIn post:
- At Snowflake Dev Day, listening to Andrew Ng keynote now  
- Want to post live reaction  
- Push back on ""don't learn to code"" rhetoric  


Key points:
1. AI will unlock more than a billion new developers
2. Andrew is actively hiring new grads with AI skills over engineers with 10+ years experience 
3. The world will need exponentially more developers, not less

- Include historical analogy from COBOL replacing punch cards  
- Thank Anna Filippova + Snowflake for hosting me  
</user_message>



<additional_context>

- Snowflake Dev Day is Snowflake's developer conference where engineers, data scientists, and industry leaders share insights and tools (knowledge_graph)  

- Andrew Ng is a renowned AI leader, founder of DeepLearning.AI, co-founder of Coursera, former head of Baidu AI Group and Google Brain (knowledge_graph)  

- Anna Filippova is a developer relations leader at Snowflake (knowledge_graph)  

- MLH (Major League Hacking) is the global student hacker community and supports developer education through events and fellowships (knowledge_graph)  
</additional_context>



<attachments>
- [Photo of Andrew Ng speaking]
</attachments>","Absolutely! Here's a draft for your LinkedIn post. Just copy, paste, and attach the photo of Andrew Ng.

***

Live from #SnowflakeDevDay, and Andrew Ng's keynote is FIRE. 🔥

There's a lot of talk about AI replacing developers. Andrew's take? The exact opposite. He's pushing back hard on the ""don't learn to code"" rhetoric, and I'm 100% here for it.

Key takeaways:

1.  **AI will unlock over a billion new developers.** Not replace them. We're on the cusp of a massive expansion of who can build and create with technology.
2.  **Skills over seniority.** Andrew is actively hiring new grads with AI skills over engineers with 10+ years of experience. The game is changing, and it's all about what you can do with these new tools.
3.  **We'll need exponentially MORE developers, not less.** This isn't a zero-sum game. The more we can build, the more we will need to build.

This reminds me of when COBOL and compilers came on the scene. People feared they would replace punch card operators, but instead, they blew the doors open for a whole new generation of programmers and an explosion in software development. We're seeing that again, but at a much larger scale.

Huge thanks to Anna Filippova and the entire Snowflake team for having me. What a time to be in tech!

#AI #Developer #FutureOfCode #Snowflake #AndrewNg #MachineLearning
","""Some are advising people not to learn to code on the grounds that AI will automate it. This is BAD advice."" 

Listening to Andrew Ng speak at the #SnowflakeDevDay right now. This might be one of the most important keynotes I've heard in a long time. I see this every day at Major League Hacking (MLH) but it's not the narrative developers are hearing every day:

1. AI will unlock more than a billion new developers
2. Andrew is actively hiring new grads with AI skills over engineers with 10+ years experience 
3. The world will need exponentially more developers, not less (ex. People predicted the downfall of developers when COBOL replaced punch cards too)

Thanks to Anna Filippova and Snowflake for inviting us to be here today!","linkedin"
"<user_message>
Send a note to the team w/ this article on product storytelling.  
- Stress importance of narrative, not just listing features.  
- Use MLH examples reframed experientially (hardware lab, content, prizes).  
- Call out that we've got great insights but they're siloed.  
- Ask them how we can aggregate learnings to improve our offerings.  


https://medium.com/the-year-of-the-looking-glass/pitching-a-product-idea-7566dd85c745  
</user_message>

<additional_context>

- [knowledge_graph] Major League Hacking offers: hardware lab access for hackers, content creation that explains new technology, prizes for hackathon participation.

- [knowledge_graph] MLH's audience includes student developers, hackathon participants, and early-career technologists.
</additional_context>



<attachments>
- https://medium.com/the-year-of-the-looking-glass/pitching-a-product-idea-7566dd85c745
</attachments>","Subject: Let's talk about our story

Hey team,

I came across this excellent article on product storytelling and wanted to share it with all of you. It's a quick but powerful read.

**Link:** [Pitching a Product Idea](https://medium.com/the-year-of-the-looking-glass/pitching-a-product-idea-7566dd85c745)

The core message really struck me: we need to focus on the narrative and the experience we create, not just list features. It made me think about how we describe what we do at MLH.

Instead of saying:
* ""We offer a Hardware Lab with the latest tech.""
* ""We create content and workshops for students.""
* ""We award prizes to the best hacks.""

We should be telling the story of the experience:
* ""We give a hacker the thrilling, hands-on experience of building their first robot or stepping into a VR world they coded themselves.""
* ""We guide a developer through that 'aha!' moment when a complex new technology finally clicks.""
* ""We create that unforgettable moment of recognition on stage, validating a hacker's creativity in front of their peers.""

I know we all have incredible insights and stories like these from our work with the community, but right now, they're often siloed within our individual teams.

My question for all of you is: **How can we get better at aggregating these learnings and stories?**

What's the best way for us to share these experiences internally so we can use them to improve our offerings and tell a more compelling story?

Would love to hear your ideas in a reply here.
","Subject: We need to tell MLH's story:

Hey, folks --

Read this when y'all have the chance: [https://medium.com/the-year-of-the-looking-glass/pitching-a-product-idea-7566dd85c745](https://medium.com/the-year-of-the-looking-glass/pitching-a-product-idea-7566dd85c745) _This_ is the type of story-driven product development and description I want to get us to.  We often talk about our products in terms of what the features are (hardware lab, content creation, awarding a prize).  It's way more powerful to talk about them from the experiential perspective though (access to a devices hackers can't afford, content that explains new technology the way hackers want to learn, recognition for spending the weekend hacking on a cool new API).

We've got a lot of great places to draw material from, but they are very siloed in each of our teams' domains.

The question is: **How can we aggregate what we are learning across all of these different channels and then use it to make our offering even better?**  Hope you enjoy the read and it inspires you in some way!
  
- Swift","email"
"<user_message>
Need assistance drafting a short personal congrats note to Thomas as he leaves GitHub to return to founder life.  
- Mention MLH–GitHub partnership over last 10+ years  
- Call out his legacy + industry impact  
- Quote his ""day zero of the software dev renaissance"" line from farewell memo  
- Highlight Copilot as biggest dev shift since PC  
- Offer ongoing support from me + MLH for whatever he does next  
- Warm, personal tone
</user_message>

<additional_context>
- Thomas Dohmke is CEO of GitHub, announced departure to start a new venture (knowledge_graph)
- MLH has been partnered with GitHub since ~2014 in hackathon sponsorships and education initiatives (knowledge_graph)
- Farewell memo posted publicly includes the ""day zero of the software development renaissance"" quote (email_history / public_announcement)
- GitHub Copilot launched in 2021 and is widely recognized as a transformative coding assistant, leveraging AI to change developer productivity (knowledge_graph)
- Swift and Thomas have corresponded multiple times over years about partnership and industry trends (email_history)
</additional_context>

<attachments>
- https://github.blog/news-insights/company-news/goodbye-github/
</attachments>","Subject: Congrats on the next chapter!

Hi Thomas,

Just heard the news and wanted to send a huge congratulations on your move back to founder life. While we'll miss you at GitHub, I'm so excited to see what you build next.

It's amazing to think that MLH and GitHub have been working together for over a decade now. Your partnership has been instrumental for us and for an entire generation of new developers. Your legacy and impact on the industry are undeniable.

Your farewell memo really resonated with me, especially the line about it being ""day zero of the software development renaissance."" I couldn't agree more. With tools like Copilot, you've genuinely kicked off the biggest shift in our industry since the PC, and it's been incredible to witness your leadership through that transformation.

On behalf of myself and the entire MLH team, please know that we're cheering you on. Don't hesitate to reach out if there's anything at all we can do to support you in your next venture.

All the best,

Swift
","Subject: Happy Hacking!

Hey, Thomas --

Jon and I saw the exciting announcement that you're moving on from GitHub to return to your founder roots. As long term partners of GitHub for the last 10+ years through MLH, it's clear to us that you're leaving behind a powerful legacy that will help define the organization (and industry!) well into the future.

This quote from your memo really resonated – today is truly day zero of the software development renaissance. Your leadership and your team's monumental effort was the primary catalyst that started this all and that could not be clearer from our vantage point.

> Because of your relentless work, GitHub Copilot has introduced the greatest change to software development since the advent of the personal computer.

If there's ever anything we or MLH can do to support you in the future, please don't hesitate to reach out. It would be a great privilege for us to find a small way to contribute to your next great contribution to the world.

- Swift","email"
"<user_message>
Write a thank you note to Enzo from Reach Capital. He introduced me to ElevenLabs and we just closed a deal with them valued at $400k over the next 18 months.

Fun anecdotes: Their head of growth is an alumni of MLH's community and actually founded one of our chapters in the UK at Cambridge. Their new devrel leader is someone we've been trying to work with for years while he was at Stripe and Supabase.
</user_message>","Subject: Huge thanks for the ElevenLabs intro!

Hi Enzo,

I'm writing to share some fantastic news and express my sincere gratitude for your introduction to the team at ElevenLabs.

Because of your connection, we were able to build a strong relationship with them over the past few months, and I'm thrilled to let you know that we've just signed a partnership valued at $400,000 over the next 18 months. This is a significant milestone for us, and your introduction was the catalyst that made it all happen.

On a fun note, the partnership feels even more serendipitous because of a couple of connections we discovered. Their Head of Growth is actually an alumnus of the MLH community and founded our Cambridge chapter back in the day! To add to that, their new DevRel leader is someone we've admired and tried to collaborate with for years during his time at both Stripe and Supabase. It feels like all the stars aligned on this one.

Thanks again for thinking of us and making such a high-impact introduction. I'm incredibly grateful for your support.

Best,

[Your Name]","subject: ElevenLabs:

Hey, Enzo --

I just had the privilege of signing an **18-month $400,000 partnership between MLH and ElevenLabs**. It was the direct result of your introduction to their team – we wouldn't have been able to land this deal without you!

A few anecdotes that I thought you would appreciate:
- Their Head of Growth was an MLH alumni who founded our Cambridge chapter back in the day and knew immediately how impactful working with us could be
- Their new DevRel lead is someone we've admired and wanted to work with for years while he was at Stripe and Supabase

I'm so grateful you thought of us and made the connection. Thank you again for all your support. This is another great example of why we're so proud to be in the Reach portfolio!

- Swift
","email"
"<user_message>
Need quick outreach slack message to Richard and Brandon from Devpost about a couple sales opps.
- Ask if they can chat today or early tomorrow  
- Include: DigitalOcean virtual hackathon potential deal  
- Include: BNY Mellon internal hackathon for directors+ under CIO  
- Both at proposal stage. I want to loop them in, tie to DFT
- Ask for yes/no interest + high-level pricing so I can add to proposal
</user_message>

<additional_context>
- [knowledge_graph]: Devpost is a software platform for hosting and participating in hackathons. Devpost is a close parter of MLH.

- [knowledge_graph]: DigitalOcean is a major provider of cloud infrastructure services, known for supporting developer communities and hackathons.

- [knowledge_graph]: BNY Mellon is a multinational investment bank and financial services company. The CIO's office oversees technology strategy and may sponsor internal innovation programs like hackathons.

- [knowledge_graph]: DFT stands for Devpost for Teams, a product built by Devpost to enable companies to host and manage internal hackathons.
</additional_context>
","Hey @Richard @Brandon, quick question. Do you have a few minutes to connect sometime today (Thursday) or early tomorrow?

I'm putting together a couple of proposals and wanted to loop you in on potential opportunities to include Devpost. Specifically:

* **DigitalOcean:** They're exploring a virtual community hackathon.
* **BNY Mellon:** We're talking to the CIO's office about an internal hackathon for their Director-level and above.

Both seem like a great fit to position DFT. Before I go further, could you let me know if you're interested in principle? If so, it would be great to get some high-level or ballpark pricing I can build into the proposals.

Let me know what you think. Thanks!
","One of you have a couple minutes to chat today or early tomorrow about a couple of collaborative sales/business development opps? I have a potential deal with Digital Ocean on the virtual hackathons side and a follow up call next week with BNY Melon on doing that internal hackathon for their directors+ under the CIO that I want to bring you in on and leverage into a deal for you on DFT. Both proposal stage right now so what I'm looking for is a yes/no on interest from your side and high level pricing so I can bake it into the ask.","slack"
"<user_message>
Write a Slack post:

- Built a prompt optimizer tool this weekend.  
- It picks best prompting framework based on goals & rewrites prompt.  
- Want to test using real-world prompts from people's workflow.  
- Ask them to share in-thread if interested and I will post the improved prompt plus results
</user_message>
","Hey team! 👋

I spent this weekend building a small internal tool I'm calling the ""Prompt Optimizer,"" and I'd love your help testing it out.

Here's how it works:
* You give it a goal (e.g., ""summarize this text,"" ""write a python script,"" ""generate marketing copy"").
* It analyzes your request, selects the best prompting framework for the job (like Chain of Thought, ReAct, etc.), and rewrites your original prompt for better performance.

I need to test it with some real-world prompts from your actual workflows.

If you're interested, could you **share a prompt you frequently use in this thread?** I'll run it through the optimizer and post the rewritten version and the results right back here.

Thanks in advance!
","Does anyone have a specific prompt they are using as part of their job/daily life that they'd be interested in using to test out a prompt optimizer I wrote over the weekend? Specifically what I built is a tool that analyzes a prompt, determines a specific prompting framework to use based on the goals, and restructures it in an optimized format. I'm looking for real-world prompts I can test against and benchmark improvements. Reply in thread if you're interested :thread:","slack"
"<user_message>
Draft a reply to this email:

Subject: Intro: Swift <> Adam

To: swift@mlh.io, Adam Harder <adam@inpress.app>
From: Tim Falls <hello.timfalls@gmail.com>

Swift and Adam,

I mentioned this intro to each of you separately and am happy to connect you two. 



@Swift, to refresh your memory, Adam is building InPress and is interested in meeting, given your NYC connection, your role as an investor, and your expertise in building technology and businesses. He and I worked together at DO, and I genuinely enjoyed and appreciated our time collaborating.

@Adam, I know you're familiar with Swift's work, and I'll simply add that he's one of the best people I've ever worked with and someone I'm honored and grateful to call a friend.

I hope this connection is mutually joyful and fruitful. 

Be well, my guys. 
Tim
</user_message>


<additional_context>
- I am Mike Swift
- Tim Falls is my former manager from SendGrid.
- I make seed/pre-seed investments for Flybridge's NextWave AI fund
- Ask Adam for his calendly link or suggested times after Labor Day
</additional_context>","Subject: Re: Intro: Swift <> Adam

Hi Adam,

Great to e-meet you. Thanks for the very kind introduction, Tim — the feeling is mutual! It was a blast working with you back in the SendGrid days.

(Moving you to BCC to save your inbox.)

Adam, I'm looking forward to learning more about what you're building at InPress. For context, I'm a partner at Flybridge, where I lead our NextWave AI fund, focusing on seed and pre-seed investments.

My calendar is a bit packed before the holiday, but I'd be happy to connect sometime after Labor Day. Do you have a Calendly link I can use, or could you suggest a few times that work for you?

Best,

Swift","Subject: Re: Intro: Swift <> Adam
To: Adam Harder <adam@inpress.app>
BCC: Tim Falls <hello.timfalls@gmail.com>

@Tim - Appreciate the intro and kind words, moving you to BCC!

Hey, Adam --

Excited to learn more about what you're building at InPress. 

My calendar is packed before the holiday, but I'd love to connect after Labor Day. Do you have a Calendly link I can use or could you suggest a few days/times that work for you after September 3rd?

- Swift","email"
"<user_message>
Draft a LinkedIn post about my keynote speech from MLH Hackcon 2025, titled ""The State of the League: 2026 Season"".

In the post, I need to address the fear that AI will replace programmers. My core message should be the opposite: this is the greatest time in history to be a software creator.

Make these key points:

The future will be written by the hacker community, not Silicon Valley investors.

This is ""day zero of a new Renaissance"" for creators.

The only way to keep up with fast-changing technology is through hands-on learning.

Hackathons are the perfect place to get this hands-on AI experience, which is a major career differentiator right now.
</user_message>","These are the slides from my keynote from MLH Hackcon (August 2025), ""The State of the League: 2026 Season"".  

Some of the biggest names in tech say AI is coming for your job and that there will be no programmers in five years. I believe this is actually the single <b>greatest time in history</b> to be a software creator. The tech industry's future will be written by the hacker community, not investors in Silicon Valley. This is day zero of a new Renaissance for software creators. 

In these slides, I share why the only way to keep up with technology that changes by the minute is to learn by doing , and how hackathons are the perfect space to gain the hands-on AI experience that is the most powerful differentiator available right now. Plus, there are a ton of exciting announcements about how MLH is supporting the next generation of technologists in the school year ahead.","You've probably heard the headlines: AI is coming for your job, and there will be no programmers in five years. That could not be more wrong. 

I believe that this is the **single greatest time in history** to become a software creator and you can find out why from these slides from my keynote at Major League Hacking (MLH)'s annual conference, Hackcon.

The only way to keep up with technology that changes by the minute is to **learn by doing**. Hackathons, Open Source, and fellowships are the perfect places to get the **hands-on AI experience** that will set you apart.

The slides also reveal some exciting announcements about how we're supporting the next generation of technologists this season. Could not be more grateful for our amazing community leaders and excited to see what we accomplish together in the year ahead!

#MLH #Hackcon #StateOfTheLeague #AI #LearnByDoing #Developer #Hackathon
","linkedin"
"<user_message>

Draft a reply to the email below. Ask for Connor's calendar link or to suggest times the week after Labor Day.

Subject: Connor ⭤ Swift

Hey guys,

I wanted to introduce you two.

@Swift — Connor works with PEF, and we've been talking about putting on a retreat for post-exit founders. He's interested in talking to people who have attended my retreats in the past.

@Connor — Swift is founder of Major League Hacking, the umbrella organization for most college hackathons around the world. He attended a retreat I ran a couple years ago.

Will leave it up to you two to figure out next steps.

Cheers,
Casey
</user_message>","Subject: Re: Connor ⭤ Swift

Hi Connor, great to meet you.

Thanks for the intro, Casey. I'm happy to connect and share my experience.

To make it easy, do you have a calendar link I can use? If not, feel free to suggest some times that work for you the week after Labor Day (Sept. 8-12).

Moving Casey to BCC.

Best,
Swift","Subject: Re: Connor ⭤ Swift

@Casey - Thank you for the kind words and intro! (Moved to BCC)

Hey, Conner --

Great to meet you. Happy to share my experience attending Casey's retreat. 

Do you have a calendar link I can use? If not, feel free to suggest some times that work for you the week after Labor Day.


Looking forward to chatting.


- Swift","email"
